Workbook
Name Slicer_Date: #N/A
Name Slicer_Date1: #N/A
Name Slicer_Vendors: #N/A

Sheet Raw-Data
A4: Company | B4: 2Q23 Shipments | C4: 2Q23 Market Share | D4: 1Q23 Shipments | E4: 1Q23 Market Share | F4: 4Q22 Shipments | G4: 4Q22 Market Share | H4: 3Q22 Shipments | I4: 3Q22 Market Share | J4: 2Q22 Shipments | K4: 2Q22 Market Share | L4: 1Q22 Shipments | M4: 1Q22 Market Share | N4: 4Q21 Shipments | O4: 4Q21 Market Share | P4: 3Q21 Shipments | Q4: 3Q21 Market Share | R4: 2Q21 Shipments | S4: 2Q21 Market Share | T4: 1Q21 Shipments | U4: 1Q21 Market Share
A5: Samsung | B5: 1900000 | C5: =(B5/SUMIF($B$5:$B$11,"<>#N/A"))*100% -> 0.21111111 | D5: 1900000 | E5: =(D5/SUMIF($D$5:$D$11,"<>#N/A"))*100% -> 0.24358974 | F5: 1800000 | G5: =(F5/SUMIF($F$5:$F$11,"<>#N/A"))*100% -> 0.21428571 | H5: 1800000 | I5: =(H5/SUMIF($H$5:$H$11,"<>#N/A"))*100% -> 0.2195122 | J5: 1900000 | K5: =J5/SUMIF($J$5:$J$11,"<>#N/A")*100% -> 0.17592593 | L5: 2100000 | M5: =(L5/SUMIF($L$5:$L$11,"<>#N/A"))*100% -> 0.23595506 | N5: 1900000 | O5: =(N5/SUMIF($N$5:$N$11,"<>#N/A"))*100% -> 0.18446602 | P5: 1500000 | Q5: =(P5/SUMIF($P$5:$P$11,"<>#N/A"))*100% -> 0.16129032 | R5: 1700000 | S5: =(R5/SUMIF($R$5:$R$11,"<>#N/A"))*100% -> 0.16037736 | T5: 2000000 | U5: =(T5/SUMIF($T$5:$T$11,"<>#N/A"))*100% -> 0.18518519
A6: OPPO | B6: 1600000 | C6: =(B6/SUMIF($B$5:$B$11,"<>#N/A"))*100% -> 0.17777778 | D6: 1800000 | E6: =(D6/SUMIF($D$5:$D$11,"<>#N/A"))*100% -> 0.23076923 | F6: 2200000 | G6: =(F6/SUMIF($F$5:$F$11,"<>#N/A"))*100% -> 0.26190476 | H6: 1900000 | I6: =(H6/SUMIF($H$5:$H$11,"<>#N/A"))*100% -> 0.23170732 | J6: 2000000 | K6: =J6/SUMIF($J$5:$J$11,"<>#N/A")*100% -> 0.18518519 | L6: 1800000 | M6: =(L6/SUMIF($L$5:$L$11,"<>#N/A"))*100% -> 0.20224719 | N6: 2100000 | O6: =(N6/SUMIF($N$5:$N$11,"<>#N/A"))*100% -> 0.2038835 | P6: 2000000 | Q6: =(P6/SUMIF($P$5:$P$11,"<>#N/A"))*100% -> 0.21505376 | R6: 2000000 | S6: =(R6/SUMIF($R$5:$R$11,"<>#N/A"))*100% -> 0.18867925 | T6: 2500000 | U6: =(T6/SUMIF($T$5:$T$11,"<>#N/A"))*100% -> 0.23148148
A7: Vivo | B7: 1500000 | C7: =(B7/SUMIF($B$5:$B$11,"<>#N/A"))*100% -> 0.16666667 | D7: 1300000 | E7: =(D7/SUMIF($D$5:$D$11,"<>#N/A"))*100% -> 0.16666667 | F7: 1500000 | G7: =(F7/SUMIF($F$5:$F$11,"<>#N/A"))*100% -> 0.17857143 | H7: 1500000 | I7: =(H7/SUMIF($H$5:$H$11,"<>#N/A"))*100% -> 0.18292683 | J7: 1700000 | K7: =J7/SUMIF($J$5:$J$11,"<>#N/A")*100% -> 0.15740741 | L7: 1500000 | M7: =(L7/SUMIF($L$5:$L$11,"<>#N/A"))*100% -> 0.16853933 | N7: 2000000 | O7: =(N7/SUMIF($N$5:$N$11,"<>#N/A"))*100% -> 0.19417476 | P7: 1900000 | Q7: =(P7/SUMIF($P$5:$P$11,"<>#N/A"))*100% -> 0.20430108 | R7: 1800000 | S7: =(R7/SUMIF($R$5:$R$11,"<>#N/A"))*100% -> 0.16981132 | T7: 1700000 | U7: =(T7/SUMIF($T$5:$T$11,"<>#N/A"))*100% -> 0.15740741
A8: Xiaomi | B8: 1300000 | C8: =(B8/SUMIF($B$5:$B$11,"<>#N/A"))*100% -> 0.14444444 | D8: 1100000 | E8: =(D8/SUMIF($D$5:$D$11,"<>#N/A"))*100% -> 0.14102564 | F8: 1100000 | G8: =(F8/SUMIF($F$5:$F$11,"<>#N/A"))*100% -> 0.13095238 | H8: 1100000 | I8: =(H8/SUMIF($H$5:$H$11,"<>#N/A"))*100% -> 0.13414634 | J8: 1500000 | K8: =J8/SUMIF($J$5:$J$11,"<>#N/A")*100% -> 0.13888889 | L8: 1300000 | M8: =(L8/SUMIF($L$5:$L$11,"<>#N/A"))*100% -> 0.14606742 | N8: 1600000 | O8: =(N8/SUMIF($N$5:$N$11,"<>#N/A"))*100% -> 0.15533981 | P8: 1600000 | Q8: =(P8/SUMIF($P$5:$P$11,"<>#N/A"))*100% -> 0.17204301 | R8: 2800000 | S8: =(R8/SUMIF($R$5:$R$11,"<>#N/A"))*100% -> 0.26415094 | T8: 2200000 | U8: =(T8/SUMIF($T$5:$T$11,"<>#N/A"))*100% -> 0.2037037
A9: Transsion | B9: 1200000 | C9: =(B9/SUMIF($B$5:$B$11,"<>#N/A"))*100% -> 0.13333333 | D9: =#N/A -> #N/A | E9: =(D9/SUMIF($D$5:$D$11,"<>#N/A"))*100% -> #N/A | F9: =#N/A -> #N/A | G9: =(F9/SUMIF($F$5:$F$11,"<>#N/A"))*100% -> #N/A | H9: =#N/A -> #N/A | I9: =(H9/SUMIF($H$5:$H$11,"<>#N/A"))*100% -> #N/A | J9: 1100000 | K9: =J9/SUMIF($J$5:$J$11,"<>#N/A")*100% -> 0.10185185 | L9: =#N/A -> #N/A | M9: =(L9/SUMIF($L$5:$L$11,"<>#N/A"))*100% -> #N/A | N9: =#N/A -> #N/A | O9: =(N9/SUMIF($N$5:$N$11,"<>#N/A"))*100% -> #N/A | P9: =#N/A -> #N/A | Q9: =(P9/SUMIF($P$5:$P$11,"<>#N/A"))*100% -> #N/A | R9: =#N/A -> #N/A | S9: =(R9/SUMIF($R$5:$R$11,"<>#N/A"))*100% -> #N/A | T9: =#N/A -> #N/A | U9: =(T9/SUMIF($T$5:$T$11,"<>#N/A"))*100% -> #N/A
A10: Realme | B10: =#N/A -> #N/A | C10: =(B10/SUMIF($B$5:$B$11,"<>#N/A"))*100% -> #N/A | D10: 800000 | E10: =(D10/SUMIF($D$5:$D$11,"<>#N/A"))*100% -> 0.1025641 | F10: 1000000 | G10: =(F10/SUMIF($F$5:$F$11,"<>#N/A"))*100% -> 0.11904762 | H10: 900000 | I10: =(H10/SUMIF($H$5:$H$11,"<>#N/A"))*100% -> 0.1097561 | J10: 1200000 | K10: =J10/SUMIF($J$5:$J$11,"<>#N/A")*100% -> 0.11111111 | L10: 1100000 | M10: =(L10/SUMIF($L$5:$L$11,"<>#N/A"))*100% -> 0.12359551 | N10: 1400000 | O10: =(N10/SUMIF($N$5:$N$11,"<>#N/A"))*100% -> 0.13592233 | P10: 1200000 | Q10: =(P10/SUMIF($P$5:$P$11,"<>#N/A"))*100% -> 0.12903226 | R10: 1200000 | S10: =(R10/SUMIF($R$5:$R$11,"<>#N/A"))*100% -> 0.11320755 | T10: 1300000 | U10: =(T10/SUMIF($T$5:$T$11,"<>#N/A"))*100% -> 0.12037037
A11: Others | B11: 1500000 | C11: =(B11/SUMIF($B$5:$B$11,"<>#N/A"))*100% -> 0.16666667 | D11: 900000 | E11: =(D11/SUMIF($D$5:$D$11,"<>#N/A"))*100% -> 0.11538462 | F11: 800000 | G11: =(F11/SUMIF($F$5:$F$11,"<>#N/A"))*100% -> 0.095238095 | H11: 1000000 | I11: =(H11/SUMIF($H$5:$H$11,"<>#N/A"))*100% -> 0.12195122 | J11: 1400000 | K11: =J11/SUMIF($J$5:$J$11,"<>#N/A")*100% -> 0.12962963 | L11: 1100000 | M11: =(L11/SUMIF($L$5:$L$11,"<>#N/A"))*100% -> 0.12359551 | N11: 1300000 | O11: =(N11/SUMIF($N$5:$N$11,"<>#N/A"))*100% -> 0.12621359 | P11: 1100000 | Q11: =(P11/SUMIF($P$5:$P$11,"<>#N/A"))*100% -> 0.11827957 | R11: 1100000 | S11: =(R11/SUMIF($R$5:$R$11,"<>#N/A"))*100% -> 0.10377358 | T11: 1100000 | U11: =(T11/SUMIF($T$5:$T$11,"<>#N/A"))*100% -> 0.10185185
AH15: .

Sheet Transposed-Data
A1: Date | B1: Samsung | C1: OPPO | D1: Vivo | E1: Xiaomi | F1: Transsion | G1: Realme | H1: Others
A2: 2Q23 Shipments | B2: 1900000 | C2: 1600000 | D2: 1500000 | E2: 1300000 | F2: 1200000 | H2: 1500000
A3: 2Q23 Market Share | B3: =(B2/SUMIF($B$2:$H$2,"<>#N/A"))*100% -> 0.21111111 | C3: =(C2/SUMIF($B$2:$H$2,"<>#N/A"))*100% -> 0.17777778 | D3: =(D2/SUMIF($B$2:$H$2,"<>#N/A"))*100% -> 0.16666667 | E3: =(E2/SUMIF($B$2:$H$2,"<>#N/A"))*100% -> 0.14444444 | F3: =(F2/SUMIF($B$2:$H$2,"<>#N/A"))*100% -> 0.13333333 | H3: =(H2/SUMIF($B$2:$H$2,"<>#N/A"))*100% -> 0.16666667
A4: 1Q23 Shipments | B4: 1900000 | C4: 1800000 | D4: 1300000 | E4: 1100000 | G4: 800000 | H4: 900000
A5: 1Q23 Market Share | B5: =(B4/SUMIF($B$4:$H$4,"<>#N/A"))*100% -> 0.24358974 | C5: =(C4/SUMIF($B$4:$H$4,"<>#N/A"))*100% -> 0.23076923 | D5: =(D4/SUMIF($B$4:$H$4,"<>#N/A"))*100% -> 0.16666667 | E5: =(E4/SUMIF($B$4:$H$4,"<>#N/A"))*100% -> 0.14102564 | G5: =(G4/SUMIF($B$4:$H$4,"<>#N/A"))*100% -> 0.1025641 | H5: =(H4/SUMIF($B$4:$H$4,"<>#N/A"))*100% -> 0.11538462
A6: 4Q22 Shipments | B6: 1800000 | C6: 2200000 | D6: 1500000 | E6: 1100000 | G6: 1000000 | H6: 800000
A7: 4Q22 Market Share | B7: =(B6/SUMIF($B$6:$H$6,"<>#N/A"))*100% -> 0.21428571 | C7: =(C6/SUMIF($B$6:$H$6,"<>#N/A"))*100% -> 0.26190476 | D7: =(D6/SUMIF($B$6:$H$6,"<>#N/A"))*100% -> 0.17857143 | E7: =(E6/SUMIF($B$6:$H$6,"<>#N/A"))*100% -> 0.13095238 | G7: =(G6/SUMIF($B$6:$H$6,"<>#N/A"))*100% -> 0.11904762 | H7: =(H6/SUMIF($B$6:$H$6,"<>#N/A"))*100% -> 0.095238095
A8: 3Q22 Shipments | B8: 1800000 | C8: 1900000 | D8: 1500000 | E8: 1100000 | G8: 900000 | H8: 1000000
A9: 3Q22 Market Share | B9: =(B8/SUMIF($B$8:$H$8,"<>#N/A"))*100% -> 0.2195122 | C9: =(C8/SUMIF($B$8:$H$8,"<>#N/A"))*100% -> 0.23170732 | D9: =(D8/SUMIF($B$8:$H$8,"<>#N/A"))*100% -> 0.18292683 | E9: =(E8/SUMIF($B$8:$H$8,"<>#N/A"))*100% -> 0.13414634 | G9: =(G8/SUMIF($B$8:$H$8,"<>#N/A"))*100% -> 0.1097561 | H9: =(H8/SUMIF($B$8:$H$8,"<>#N/A"))*100% -> 0.12195122
A10: 2Q22 Shipments | B10: 1900000 | C10: 2000000 | D10: 1700000 | E10: 1500000 | F10: 1100000 | G10: 1200000 | H10: 1400000
A11: 2Q22 Market Share | B11: =B10/SUMIF($B$10:$H$10,"<>#N/A")*100% -> 0.17592593 | C11: =C10/SUMIF($B$10:$H$10,"<>#N/A")*100% -> 0.18518519 | D11: =D10/SUMIF($B$10:$H$10,"<>#N/A")*100% -> 0.15740741 | E11: =E10/SUMIF($B$10:$H$10,"<>#N/A")*100% -> 0.13888889 | F11: =F10/SUMIF($B$10:$H$10,"<>#N/A")*100% -> 0.10185185 | G11: =G10/SUMIF($B$10:$H$10,"<>#N/A")*100% -> 0.11111111 | H11: =H10/SUMIF($B$10:$H$10,"<>#N/A")*100% -> 0.12962963
A12: 1Q22 Shipments | B12: 2100000 | C12: 1800000 | D12: 1500000 | E12: 1300000 | G12: 1100000 | H12: 1100000
A13: 1Q22 Market Share | B13: =(B12/SUMIF($B$12:$H$12,"<>#N/A"))*100% -> 0.23595506 | C13: =(C12/SUMIF($B$12:$H$12,"<>#N/A"))*100% -> 0.20224719 | D13: =(D12/SUMIF($B$12:$H$12,"<>#N/A"))*100% -> 0.16853933 | E13: =(E12/SUMIF($B$12:$H$12,"<>#N/A"))*100% -> 0.14606742 | G13: =(G12/SUMIF($B$12:$H$12,"<>#N/A"))*100% -> 0.12359551 | H13: =(H12/SUMIF($B$12:$H$12,"<>#N/A"))*100% -> 0.12359551
A14: 4Q21 Shipments | B14: 1900000 | C14: 2100000 | D14: 2000000 | E14: 1600000 | G14: 1400000 | H14: 1300000
A15: 4Q21 Market Share | B15: =(B14/SUMIF($B$14:$H$14,"<>#N/A"))*100% -> 0.18446602 | C15: =(C14/SUMIF($B$14:$H$14,"<>#N/A"))*100% -> 0.2038835 | D15: =(D14/SUMIF($B$14:$H$14,"<>#N/A"))*100% -> 0.19417476 | E15: =(E14/SUMIF($B$14:$H$14,"<>#N/A"))*100% -> 0.15533981 | G15: =(G14/SUMIF($B$14:$H$14,"<>#N/A"))*100% -> 0.13592233 | H15: =(H14/SUMIF($B$14:$H$14,"<>#N/A"))*100% -> 0.12621359
A16: 3Q21 Shipments | B16: 1500000 | C16: 2000000 | D16: 1900000 | E16: 1600000 | G16: 1200000 | H16: 1100000
A17: 3Q21 Market Share | B17: =(B16/SUMIF($B$16:$H$16,"<>#N/A"))*100% -> 0.16129032 | C17: =(C16/SUMIF($B$16:$H$16,"<>#N/A"))*100% -> 0.21505376 | D17: =(D16/SUMIF($B$16:$H$16,"<>#N/A"))*100% -> 0.20430108 | E17: =(E16/SUMIF($B$16:$H$16,"<>#N/A"))*100% -> 0.17204301 | G17: =(G16/SUMIF($B$16:$H$16,"<>#N/A"))*100% -> 0.12903226 | H17: =(H16/SUMIF($B$16:$H$16,"<>#N/A"))*100% -> 0.11827957
A18: 2Q21 Shipments | B18: 1700000 | C18: 2000000 | D18: 1800000 | E18: 2800000 | G18: 1200000 | H18: 1100000
A19: 2Q21 Market Share | B19: =(B18/SUMIF($B$18:$H$18,"<>#N/A"))*100% -> 0.16037736 | C19: =(C18/SUMIF($B$18:$H$18,"<>#N/A"))*100% -> 0.18867925 | D19: =(D18/SUMIF($B$18:$H$18,"<>#N/A"))*100% -> 0.16981132 | E19: =(E18/SUMIF($B$18:$H$18,"<>#N/A"))*100% -> 0.26415094 | G19: =(G18/SUMIF($B$18:$H$18,"<>#N/A"))*100% -> 0.11320755 | H19: =(H18/SUMIF($B$18:$H$18,"<>#N/A"))*100% -> 0.10377358
A20: 1Q21 Shipments | B20: 2000000 | C20: 2500000 | D20: 1700000 | E20: 2200000 | G20: 1300000 | H20: 1100000
A21: 1Q21 Market Share | B21: =(B20/SUMIF($B$20:$H$20,"<>#N/A"))*100% -> 0.18518519 | C21: =(C20/SUMIF($B$20:$H$20,"<>#N/A"))*100% -> 0.23148148 | D21: =(D20/SUMIF($B$20:$H$20,"<>#N/A"))*100% -> 0.15740741 | E21: =(E20/SUMIF($B$20:$H$20,"<>#N/A"))*100% -> 0.2037037 | G21: =(G20/SUMIF($B$20:$H$20,"<>#N/A"))*100% -> 0.12037037 | H21: =(H20/SUMIF($B$20:$H$20,"<>#N/A"))*100% -> 0.10185185

Sheet Shipments
A1: Date | B1: Samsung | C1: OPPO | D1: Vivo | E1: Xiaomi | F1: Transsion | G1: Realme | H1: Others
A2: 1Q21 | B2: 2000000 | C2: 2500000 | D2: 1700000 | E2: 2200000 | G2: 1300000 | H2: 1100000
A3: 2Q21 | B3: 1700000 | C3: 2000000 | D3: 1800000 | E3: 2800000 | G3: 1200000 | H3: 1100000
A4: 3Q21 | B4: 1500000 | C4: 2000000 | D4: 1900000 | E4: 1600000 | G4: 1200000 | H4: 1100000
A5: 4Q21 | B5: 1900000 | C5: 2100000 | D5: 2000000 | E5: 1600000 | G5: 1400000 | H5: 1300000
A6: 1Q22 | B6: 2100000 | C6: 1800000 | D6: 1500000 | E6: 1300000 | G6: 1100000 | H6: 1100000
A7: 2Q22 | B7: 1900000 | C7: 2000000 | D7: 1700000 | E7: 1500000 | F7: 1100000 | G7: 1200000 | H7: 1400000
A8: 3Q22 | B8: 1800000 | C8: 1900000 | D8: 1500000 | E8: 1100000 | G8: 900000 | H8: 1000000
A9: 4Q22 | B9: 1800000 | C9: 2200000 | D9: 1500000 | E9: 1100000 | G9: 1000000 | H9: 800000
A10: 1Q23 | B10: 1900000 | C10: 1800000 | D10: 1300000 | E10: 1100000 | G10: 800000 | H10: 900000
A11: 2Q23 | B11: 1900000 | C11: 1600000 | D11: 1500000 | E11: 1300000 | F11: 1200000 | H11: 1500000

Sheet Shipments-YoY-Change
A1: Date | B1: 1Q21 | C1: 2Q21 | D1: 3Q21 | E1: 4Q21 | F1: 1Q22 | G1: 2Q22 | H1: 3Q22 | I1: 4Q22 | J1: 1Q23 | K1: 2Q23
A2: Samsung | F2: =((Shipments!B6-Shipments!B2)/Shipments!B2)*100% -> 0.05 | G2: =((Shipments!B7-Shipments!B3)/Shipments!B3)*100% -> 0.11764706 | H2: =((Shipments!B8-Shipments!B4)/Shipments!B4)*100% -> 0.2 | I2: =((Shipments!B9-Shipments!B5)/Shipments!B5)*100% -> -0.052631579 | J2: =((Shipments!B10-Shipments!B6)/Shipments!B6)*100% -> -0.095238095 | K2: =((Shipments!B11-Shipments!B7)/Shipments!B7)*100% -> 0
A3: OPPO | F3: =((Shipments!C6-Shipments!C2)/Shipments!C2)*100% -> -0.28 | G3: =((Shipments!C7-Shipments!C3)/Shipments!C3)*100% -> 0 | H3: =((Shipments!C8-Shipments!C4)/Shipments!C4)*100% -> -0.05 | I3: =((Shipments!C9-Shipments!C5)/Shipments!C5)*100% -> 0.047619048 | J3: =((Shipments!C10-Shipments!C6)/Shipments!C6)*100% -> 0 | K3: =((Shipments!C11-Shipments!C7)/Shipments!C7)*100% -> -0.2
A4: Vivo | F4: =((Shipments!D6-Shipments!D2)/Shipments!D2)*100% -> -0.11764706 | G4: =((Shipments!D7-Shipments!D3)/Shipments!D3)*100% -> -0.055555556 | H4: =((Shipments!D8-Shipments!D4)/Shipments!D4)*100% -> -0.21052632 | I4: =((Shipments!D9-Shipments!D5)/Shipments!D5)*100% -> -0.25 | J4: =((Shipments!D10-Shipments!D6)/Shipments!D6)*100% -> -0.13333333 | K4: =((Shipments!D11-Shipments!D7)/Shipments!D7)*100% -> -0.11764706
A5: Xiaomi | F5: =((Shipments!E6-Shipments!E2)/Shipments!E2)*100% -> -0.40909091 | G5: =((Shipments!E7-Shipments!E3)/Shipments!E3)*100% -> -0.46428571 | H5: =((Shipments!E8-Shipments!E4)/Shipments!E4)*100% -> -0.3125 | I5: =((Shipments!E9-Shipments!E5)/Shipments!E5)*100% -> -0.3125 | J5: =((Shipments!E10-Shipments!E6)/Shipments!E6)*100% -> -0.15384615 | K5: =((Shipments!E11-Shipments!E7)/Shipments!E7)*100% -> -0.13333333
A6: Transsion | K6: =((Shipments!F11-Shipments!F7)/Shipments!F7)*100% -> 0.090909091
A7: Realme | F7: =((Shipments!G6-Shipments!G2)/Shipments!G2)*100% -> -0.15384615 | G7: =((Shipments!G7-Shipments!G3)/Shipments!G3)*100% -> 0 | H7: =((Shipments!G8-Shipments!G4)/Shipments!G4)*100% -> -0.25 | I7: =((Shipments!G9-Shipments!G5)/Shipments!G5)*100% -> -0.28571429 | J7: =((Shipments!G10-Shipments!G6)/Shipments!G6)*100% -> -0.27272727
A8: Others | F8: =((Shipments!H6-Shipments!H2)/Shipments!H2)*100% -> 0 | G8: =((Shipments!H7-Shipments!H3)/Shipments!H3)*100% -> 0.27272727 | H8: =((Shipments!H8-Shipments!H4)/Shipments!H4)*100% -> -0.090909091 | I8: =((Shipments!H9-Shipments!H5)/Shipments!H5)*100% -> -0.38461538 | J8: =((Shipments!H10-Shipments!H6)/Shipments!H6)*100% -> -0.18181818 | K8: =((Shipments!H11-Shipments!H7)/Shipments!H7)*100% -> 0.071428571

Sheet Shipments-YoY-Change-Pivot
A1: Vendors | B1: OPPO | C1: Others | D1: Realme | E1: Samsung | F1: Transsion | G1: Vivo | H1: Xiaomi
A2: 1Q22 | B2: -0.28 | C2: 0 | D2: -0.15384615 | E2: 0.05 | G2: -0.11764706 | H2: -0.40909091
A3: 2Q22 | B3: 0 | C3: 0.27272727 | D3: 0 | E3: 0.11764706 | G3: -0.055555556 | H3: -0.46428571
A4: 3Q22 | B4: -0.05 | C4: -0.090909091 | D4: -0.25 | E4: 0.2 | G4: -0.21052632 | H4: -0.3125
A5: 4Q22 | B5: 0.047619048 | C5: -0.38461538 | D5: -0.28571429 | E5: -0.052631579 | G5: -0.25 | H5: -0.3125
A6: 1Q23 | B6: 0 | C6: -0.18181818 | D6: -0.27272727 | E6: -0.095238095 | G6: -0.13333333 | H6: -0.15384615
A7: 2Q23 | B7: -0.2 | C7: 0.071428571 | E7: 0 | F7: 0.090909091 | G7: -0.11764706 | H7: -0.13333333
A9: Date | B9: OPPO | C9: Realme | D9: Samsung | E9: Transsion | F9: Vivo | G9: Xiaomi | H9: Others
A10: 1Q22 | B10: -0.28 | C10: -0.15384615 | D10: 0.05 | E10: NULL | F10: -0.11764706 | G10: -0.40909091 | H10: 0
A11: 2Q22 | B11: 0 | C11: 0 | D11: 0.11764706 | E11: NULL | F11: -0.055555556 | G11: -0.46428571 | H11: 0.27272727
A12: 3Q22 | B12: -0.05 | C12: -0.25 | D12: 0.2 | E12: NULL | F12: -0.21052632 | G12: -0.3125 | H12: -0.090909091
A13: 4Q22 | B13: 0.047619048 | C13: -0.28571429 | D13: -0.052631579 | E13: NULL | F13: -0.25 | G13: -0.3125 | H13: -0.38461538
A14: 1Q23 | B14: 0 | C14: -0.27272727 | D14: -0.095238095 | E14: NULL | F14: -0.13333333 | G14: -0.15384615 | H14: -0.18181818
A15: 2Q23 | B15: -0.2 | C15: NULL | D15: 0 | E15: 0.090909091 | F15: -0.11764706 | G15: -0.13333333 | H15: 0.071428571

Sheet Market-Share
A1: Date | B1: 1Q21 | C1: 2Q21 | D1: 3Q21 | E1: 4Q21 | F1: 1Q22 | G1: 2Q22 | H1: 3Q22 | I1: 4Q22 | J1: 1Q23 | K1: 2Q23 | M1: Date | N1: Samsung | O1: OPPO | P1: Vivo | Q1: Xiaomi | R1: Transsion | S1: Realme | T1: Others
A2: Samsung | B2: =(Shipments!B2/SUM(Shipments!$B$2:$H$2))*100% -> 0.18518519 | C2: =(Shipments!B3/SUM(Shipments!$B$3:$H$3))*100% -> 0.16037736 | D2: =(Shipments!B4/SUM(Shipments!$B$4:$H$4))*100% -> 0.16129032 | E2: =(Shipments!B5/SUM(Shipments!$B$5:$H$5))*100% -> 0.18446602 | F2: =(Shipments!B6/SUM(Shipments!$B$6:$H$6))*100% -> 0.23595506 | G2: =(Shipments!B7/SUM(Shipments!$B$7:$H$7))*100% -> 0.17592593 | H2: =(Shipments!B8/SUM(Shipments!$B$8:$H$8))*100% -> 0.2195122 | I2: =(Shipments!B9/SUM(Shipments!$B$9:$H$9))*100% -> 0.21428571 | J2: =(Shipments!B10/SUM(Shipments!$B$10:$H$10))*100% -> 0.24358974 | K2: =(Shipments!B11/SUM(Shipments!B11:H11))*100% -> 0.21111111 | M2: 1Q21 | N2: =(Shipments!B2/SUM(Shipments!$B$2:$H$2))*100% -> 0.18518519 | O2: =(Shipments!C2/SUM(Shipments!$B$2:$H$2))*100% -> 0.23148148 | P2: =(Shipments!D2/SUM(Shipments!$B$2:$H$2))*100% -> 0.15740741 | Q2: =(Shipments!E2/SUM(Shipments!$B$2:$H$2))*100% -> 0.2037037 | S2: =(Shipments!G2/SUM(Shipments!$B$2:$H$2))*100% -> 0.12037037 | T2: =(Shipments!H2/SUM(Shipments!$B$2:$H$2))*100% -> 0.10185185
A3: OPPO | B3: =(Shipments!C2/SUM(Shipments!$B$2:$H$2))*100% -> 0.23148148 | C3: =(Shipments!C3/SUM(Shipments!$B$3:$H$3))*100% -> 0.18867925 | D3: =(Shipments!C4/SUM(Shipments!$B$4:$H$4))*100% -> 0.21505376 | E3: =(Shipments!C5/SUM(Shipments!$B$5:$H$5))*100% -> 0.2038835 | F3: =(Shipments!C6/SUM(Shipments!$B$6:$H$6))*100% -> 0.20224719 | G3: =(Shipments!C7/SUM(Shipments!$B$7:$H$7))*100% -> 0.18518519 | H3: =(Shipments!C8/SUM(Shipments!$B$8:$H$8))*100% -> 0.23170732 | I3: =(Shipments!C9/SUM(Shipments!$B$9:$H$9))*100% -> 0.26190476 | J3: =(Shipments!C10/SUM(Shipments!$B$10:$H$10))*100% -> 0.23076923 | K3: =(Shipments!C11/SUM(Shipments!$B$11:$H$11))*100% -> 0.17777778 | M3: 2Q21 | N3: =(Shipments!B3/SUM(Shipments!$B$3:$H$3))*100% -> 0.16037736 | O3: =(Shipments!C3/SUM(Shipments!$B$3:$H$3))*100% -> 0.18867925 | P3: =(Shipments!D3/SUM(Shipments!$B$3:$H$3))*100% -> 0.16981132 | Q3: =(Shipments!E3/SUM(Shipments!$B$3:$H$3))*100% -> 0.26415094 | S3: =(Shipments!G3/SUM(Shipments!$B$3:$H$3))*100% -> 0.11320755 | T3: =(Shipments!H3/SUM(Shipments!$B$3:$H$3))*100% -> 0.10377358
A4: Vivo | B4: =(Shipments!D2/SUM(Shipments!$B$2:$H$2))*100% -> 0.15740741 | C4: =(Shipments!D3/SUM(Shipments!$B$3:$H$3))*100% -> 0.16981132 | D4: =(Shipments!D4/SUM(Shipments!$B$4:$H$4))*100% -> 0.20430108 | E4: =(Shipments!D5/SUM(Shipments!$B$5:$H$5))*100% -> 0.19417476 | F4: =(Shipments!D6/SUM(Shipments!$B$6:$H$6))*100% -> 0.16853933 | G4: =(Shipments!D7/SUM(Shipments!$B$7:$H$7))*100% -> 0.15740741 | H4: =(Shipments!D8/SUM(Shipments!$B$8:$H$8))*100% -> 0.18292683 | I4: =(Shipments!D9/SUM(Shipments!$B$9:$H$9))*100% -> 0.17857143 | J4: =(Shipments!D10/SUM(Shipments!$B$10:$H$10))*100% -> 0.16666667 | K4: =(Shipments!D11/SUM(Shipments!$B$11:$H$11))*100% -> 0.16666667 | M4: 3Q21 | N4: =(Shipments!B4/SUM(Shipments!$B$4:$H$4))*100% -> 0.16129032 | O4: =(Shipments!C4/SUM(Shipments!$B$4:$H$4))*100% -> 0.21505376 | P4: =(Shipments!D4/SUM(Shipments!$B$4:$H$4))*100% -> 0.20430108 | Q4: =(Shipments!E4/SUM(Shipments!$B$4:$H$4))*100% -> 0.17204301 | S4: =(Shipments!G4/SUM(Shipments!$B$4:$H$4))*100% -> 0.12903226 | T4: =(Shipments!H4/SUM(Shipments!$B$4:$H$4))*100% -> 0.11827957
A5: Xiaomi | B5: =(Shipments!E2/SUM(Shipments!$B$2:$H$2))*100% -> 0.2037037 | C5: =(Shipments!E3/SUM(Shipments!$B$3:$H$3))*100% -> 0.26415094 | D5: =(Shipments!E4/SUM(Shipments!$B$4:$H$4))*100% -> 0.17204301 | E5: =(Shipments!E5/SUM(Shipments!$B$5:$H$5))*100% -> 0.15533981 | F5: =(Shipments!E6/SUM(Shipments!$B$6:$H$6))*100% -> 0.14606742 | G5: =(Shipments!E7/SUM(Shipments!$B$7:$H$7))*100% -> 0.13888889 | H5: =(Shipments!E8/SUM(Shipments!$B$8:$H$8))*100% -> 0.13414634 | I5: =(Shipments!E9/SUM(Shipments!$B$9:$H$9))*100% -> 0.13095238 | J5: =(Shipments!E10/SUM(Shipments!$B$10:$H$10))*100% -> 0.14102564 | K5: =(Shipments!E11/SUM(Shipments!$B$11:$H$11))*100% -> 0.14444444 | M5: 4Q21 | N5: =(Shipments!B5/SUM(Shipments!$B$5:$H$5))*100% -> 0.18446602 | O5: =(Shipments!C5/SUM(Shipments!$B$5:$H$5))*100% -> 0.2038835 | P5: =(Shipments!D5/SUM(Shipments!$B$5:$H$5))*100% -> 0.19417476 | Q5: =(Shipments!E5/SUM(Shipments!$B$5:$H$5))*100% -> 0.15533981 | S5: =(Shipments!G5/SUM(Shipments!$B$5:$H$5))*100% -> 0.13592233 | T5: =(Shipments!H5/SUM(Shipments!$B$5:$H$5))*100% -> 0.12621359
A6: Transsion | G6: =(Shipments!F7/SUM(Shipments!$B$7:$H$7))*100% -> 0.10185185 | K6: =(Shipments!F11/SUM(Shipments!$B$11:$H$11))*100% -> 0.13333333 | M6: 1Q22 | N6: =(Shipments!B6/SUM(Shipments!$B$6:$H$6))*100% -> 0.23595506 | O6: =(Shipments!C6/SUM(Shipments!$B$6:$H$6))*100% -> 0.20224719 | P6: =(Shipments!D6/SUM(Shipments!$B$6:$H$6))*100% -> 0.16853933 | Q6: =(Shipments!E6/SUM(Shipments!$B$6:$H$6))*100% -> 0.14606742 | S6: =(Shipments!G6/SUM(Shipments!$B$6:$H$6))*100% -> 0.12359551 | T6: =(Shipments!H6/SUM(Shipments!$B$6:$H$6))*100% -> 0.12359551
A7: Realme | B7: =(Shipments!G2/SUM(Shipments!$B$2:$H$2))*100% -> 0.12037037 | C7: =(Shipments!G3/SUM(Shipments!$B$3:$H$3))*100% -> 0.11320755 | D7: =(Shipments!G4/SUM(Shipments!$B$4:$H$4))*100% -> 0.12903226 | E7: =(Shipments!G5/SUM(Shipments!$B$5:$H$5))*100% -> 0.13592233 | F7: =(Shipments!G6/SUM(Shipments!$B$6:$H$6))*100% -> 0.12359551 | G7: =(Shipments!G7/SUM(Shipments!$B$7:$H$7))*100% -> 0.11111111 | H7: =(Shipments!G8/SUM(Shipments!$B$8:$H$8))*100% -> 0.1097561 | I7: =(Shipments!G9/SUM(Shipments!$B$9:$H$9))*100% -> 0.11904762 | J7: =(Shipments!G10/SUM(Shipments!$B$10:$H$10))*100% -> 0.1025641 | M7: 2Q22 | N7: =(Shipments!B7/SUM(Shipments!$B$7:$H$7))*100% -> 0.17592593 | O7: =(Shipments!C7/SUM(Shipments!$B$7:$H$7))*100% -> 0.18518519 | P7: =(Shipments!D7/SUM(Shipments!$B$7:$H$7))*100% -> 0.15740741 | Q7: =(Shipments!E7/SUM(Shipments!$B$7:$H$7))*100% -> 0.13888889 | R7: =(Shipments!F7/SUM(Shipments!$B$7:$H$7))*100% -> 0.10185185 | S7: =(Shipments!G7/SUM(Shipments!$B$7:$H$7))*100% -> 0.11111111 | T7: =(Shipments!H7/SUM(Shipments!$B$7:$H$7))*100% -> 0.12962963
A8: Others | B8: =(Shipments!H2/SUM(Shipments!$B$2:$H$2))*100% -> 0.10185185 | C8: =(Shipments!H3/SUM(Shipments!$B$3:$H$3))*100% -> 0.10377358 | D8: =(Shipments!H4/SUM(Shipments!$B$4:$H$4))*100% -> 0.11827957 | E8: =(Shipments!H5/SUM(Shipments!$B$5:$H$5))*100% -> 0.12621359 | F8: =(Shipments!H6/SUM(Shipments!$B$6:$H$6))*100% -> 0.12359551 | G8: =(Shipments!H7/SUM(Shipments!$B$7:$H$7))*100% -> 0.12962963 | H8: =(Shipments!H8/SUM(Shipments!$B$8:$H$8))*100% -> 0.12195122 | I8: =(Shipments!H9/SUM(Shipments!$B$9:$H$9))*100% -> 0.095238095 | J8: =(Shipments!H10/SUM(Shipments!$B$10:$H$10))*100% -> 0.11538462 | K8: =(Shipments!H11/SUM(Shipments!$B$11:$H$11))*100% -> 0.16666667 | M8: 3Q22 | N8: =(Shipments!B8/SUM(Shipments!$B$8:$H$8))*100% -> 0.2195122 | O8: =(Shipments!C8/SUM(Shipments!$B$8:$H$8))*100% -> 0.23170732 | P8: =(Shipments!D8/SUM(Shipments!$B$8:$H$8))*100% -> 0.18292683 | Q8: =(Shipments!E8/SUM(Shipments!$B$8:$H$8))*100% -> 0.13414634 | S8: =(Shipments!G8/SUM(Shipments!$B$8:$H$8))*100% -> 0.1097561 | T8: =(Shipments!H8/SUM(Shipments!$B$8:$H$8))*100% -> 0.12195122
M9: 4Q22 | N9: =(Shipments!B9/SUM(Shipments!$B$9:$H$9))*100% -> 0.21428571 | O9: =(Shipments!C9/SUM(Shipments!$B$9:$H$9))*100% -> 0.26190476 | P9: =(Shipments!D9/SUM(Shipments!$B$9:$H$9))*100% -> 0.17857143 | Q9: =(Shipments!E9/SUM(Shipments!$B$9:$H$9))*100% -> 0.13095238 | S9: =(Shipments!G9/SUM(Shipments!$B$9:$H$9))*100% -> 0.11904762 | T9: =(Shipments!H9/SUM(Shipments!$B$9:$H$9))*100% -> 0.095238095
M10: 1Q23 | N10: =(Shipments!B10/SUM(Shipments!$B$10:$H$10))*100% -> 0.24358974 | O10: =(Shipments!C10/SUM(Shipments!$B$10:$H$10))*100% -> 0.23076923 | P10: =(Shipments!D10/SUM(Shipments!$B$10:$H$10))*100% -> 0.16666667 | Q10: =(Shipments!E10/SUM(Shipments!$B$10:$H$10))*100% -> 0.14102564 | S10: =(Shipments!G10/SUM(Shipments!$B$10:$H$10))*100% -> 0.1025641 | T10: =(Shipments!H10/SUM(Shipments!$B$10:$H$10))*100% -> 0.11538462
M11: 2Q23 | N11: =(Shipments!B11/SUM(Shipments!$B$11:$H$11))*100% -> 0.21111111 | O11: =(Shipments!C11/SUM(Shipments!$B$11:$H$11))*100% -> 0.17777778 | P11: =(Shipments!D11/SUM(Shipments!$B$11:$H$11))*100% -> 0.16666667 | Q11: =(Shipments!E11/SUM(Shipments!$B$11:$H$11))*100% -> 0.14444444 | R11: =(Shipments!F11/SUM(Shipments!$B$11:$H$11))*100% -> 0.13333333 | T11: =(Shipments!H11/SUM(Shipments!$B$11:$H$11))*100% -> 0.16666667

Sheet Market-Share-Pivot
A1: Date | B1: 1Q21 | C1: 2Q21 | D1: 3Q21 | E1: 4Q21 | F1: 1Q22 | G1: 2Q22 | H1: 3Q22 | I1: 4Q22 | J1: 1Q23 | K1: 2Q23
A2: OPPO | B2: 0.23148148 | C2: 0.18867925 | D2: 0.21505376 | E2: 0.2038835 | F2: 0.20224719 | G2: 0.18518519 | H2: 0.23170732 | I2: 0.26190476 | J2: 0.23076923 | K2: 0.17777778
A3: Others | B3: 0.10185185 | C3: 0.10377358 | D3: 0.11827957 | E3: 0.12621359 | F3: 0.12359551 | G3: 0.12962963 | H3: 0.12195122 | I3: 0.095238095 | J3: 0.11538462 | K3: 0.16666667
A4: Realme | B4: 0.12037037 | C4: 0.11320755 | D4: 0.12903226 | E4: 0.13592233 | F4: 0.12359551 | G4: 0.11111111 | H4: 0.1097561 | I4: 0.11904762 | J4: 0.1025641
A5: Samsung | B5: 0.18518519 | C5: 0.16037736 | D5: 0.16129032 | E5: 0.18446602 | F5: 0.23595506 | G5: 0.17592593 | H5: 0.2195122 | I5: 0.21428571 | J5: 0.24358974 | K5: 0.21111111
A6: Transsion | G6: 0.10185185 | K6: 0.13333333
A7: Vivo | B7: 0.15740741 | C7: 0.16981132 | D7: 0.20430108 | E7: 0.19417476 | F7: 0.16853933 | G7: 0.15740741 | H7: 0.18292683 | I7: 0.17857143 | J7: 0.16666667 | K7: 0.16666667
A8: Xiaomi | B8: 0.2037037 | C8: 0.26415094 | D8: 0.17204301 | E8: 0.15533981 | F8: 0.14606742 | G8: 0.13888889 | H8: 0.13414634 | I8: 0.13095238 | J8: 0.14102564 | K8: 0.14444444
A9: Grand Total | B9: 1 | C9: 1 | D9: 1 | E9: 1 | F9: 1 | G9: 1 | H9: 1 | I9: 1 | J9: 1 | K9: 1
B11: Column Labels
A12: Values | B12: 4Q21
A13: Samsung | B13: 0.18446602
A14: OPPO | B14: 0.2038835
A15: Vivo | B15: 0.19417476
A16: Xiaomi | B16: 0.15533981
A17: Transsion | B17: NULL
A18: Realme | B18: 0.13592233
A19: Others | B19: 0.12621359

Sheet Shipments-Pivot
A3: Date | B3: Samsung | C3: OPPO | D3: Vivo | E3: Xiaomi | F3: Transsion | G3: Realme | H3: Others
A4: 1Q21 | B4: 2000000 | C4: 2500000 | D4: 1700000 | E4: 2200000 | F4: N/A | G4: 1300000 | H4: 1100000
A5: 2Q21 | B5: 1700000 | C5: 2000000 | D5: 1800000 | E5: 2800000 | F5: N/A | G5: 1200000 | H5: 1100000
A6: 3Q21 | B6: 1500000 | C6: 2000000 | D6: 1900000 | E6: 1600000 | F6: N/A | G6: 1200000 | H6: 1100000
A7: 4Q21 | B7: 1900000 | C7: 2100000 | D7: 2000000 | E7: 1600000 | F7: N/A | G7: 1400000 | H7: 1300000
A8: 1Q22 | B8: 2100000 | C8: 1800000 | D8: 1500000 | E8: 1300000 | F8: N/A | G8: 1100000 | H8: 1100000
A9: 2Q22 | B9: 1900000 | C9: 2000000 | D9: 1700000 | E9: 1500000 | F9: 1100000 | G9: 1200000 | H9: 1400000
A10: 3Q22 | B10: 1800000 | C10: 1900000 | D10: 1500000 | E10: 1100000 | F10: N/A | G10: 900000 | H10: 1000000
A11: 4Q22 | B11: 1800000 | C11: 2200000 | D11: 1500000 | E11: 1100000 | F11: N/A | G11: 1000000 | H11: 800000
A12: 1Q23 | B12: 1900000 | C12: 1800000 | D12: 1300000 | E12: 1100000 | F12: N/A | G12: 800000 | H12: 900000
A13: 2Q23 | B13: 1900000 | C13: 1600000 | D13: 1500000 | E13: 1300000 | F13: 1200000 | G13: N/A | H13: 1500000
A14: Grand Total | B14: 18500000 | C14: 19900000 | D14: 16400000 | E14: 15600000 | F14: 2300000 | G14: 10100000 | H14: 11300000

Sheet Dashboard
